first_name,last_name,age,gender,color,location,price
Wain,Bellocht,18,Genderfluid,Yellow,Poland,$795.18 
Titus,Caudwell,26,Male,Mauv,United States,$425.70 
Trenton,Rogger,24,Male,Crimson,Russia,$739.60 
Delilah,Jugging,23,Female,Turquoise,China,$974.25 
Margalit,MacKnockiter,20,Female,Aquamarine,Philippines,$695.48 
Linet,Pinnington,21,Female,Green,Panama,$361.85 
Dur,Beccera,29,Genderqueer,Turquoise,Argentina,$727.78 
Alec,MacCallion,18,Male,Blue,China,$206.16 
Lorene,Hawkslee,19,Agender,Purple,Portugal,$687.33 
Gerard,Ughelli,30,Genderqueer,Indigo,Guatemala,$51.78 
Florian,Sonley,21,Male,Violet,Thailand,$505.47 
Herschel,Bradder,19,Genderqueer,Pink,Portugal,$200.81 
Rhys,Espadater,24,Male,Mauv,China,$442.67 
Claudetta,Rustman,28,Female,Goldenrod,China,$839.58 
Ker,Rasell,22,Male,Crimson,Afghanistan,$579.81 
Darci,Nolin,18,Female,Purple,China,$43.67 
Andrey,Beccles,26,Male,Maroon,Indonesia,$880.03 
Codie,McCerery,19,Male,Orange,China,$999.26 
Cesya,Grewer,29,Genderfluid,Yellow,Sweden,$367.79 
Sissy,Madine,24,Female,Goldenrod,Japan,$659.76 
Neill,Blitzer,20,Male,Pink,Belgium,$658.58 
Alphonso,Twitchett,21,Male,Goldenrod,Portugal,$986.72 
Isaak,Terne,24,Male,Aquamarine,Tunisia,$79.55 
Shawna,Raund,18,Female,Goldenrod,China,$181.16 
Olympia,Barnewall,28,Female,Pink,Indonesia,$112.26 
Emmett,McTurley,22,Male,Fuscia,Brazil,$312.86 
Baldwin,Altamirano,21,Male,Purple,China,$218.23 
Valentina,Gantzer,30,Female,Indigo,Peru,$582.29 
Trixie,Galland,18,Female,Blue,Albania,$340.49 
Chastity,Picken,28,Female,Red,Nicaragua,$845.92 
Kettie,Montier,26,Female,Indigo,Pakistan,$18.10 
Dwain,Pedley,28,Male,Khaki,Greece,$43.43 
Evin,Blackeby,29,Male,Green,Peru,$871.55 
Farrand,MacDiarmond,29,Female,Blue,China,$87.80 
Jenelle,Murrhardt,26,Female,Puce,China,$359.06 
Estrella,Gannan,23,Female,Puce,Greece,$96.02 
Carola,Lehemann,23,Female,Turquoise,China,$238.00 
Jeddy,Baly,21,Male,Fuscia,France,$123.78 
Alphonse,Kneebone,21,Male,Yellow,Thailand,$33.56 
Mordecai,Arno,18,Male,Goldenrod,Indonesia,$963.42 
Georgie,Annes,29,Female,Maroon,China,$254.72 
Roosevelt,Glassard,24,Male,Crimson,Colombia,$672.01 
Fleming,Veevers,26,Male,Teal,Argentina,$731.63 
Raimundo,Entres,20,Polygender,Blue,Nigeria,$680.54 
Gaylor,Olenchikov,22,Male,Goldenrod,Indonesia,$547.68 
Kellina,Mosten,28,Female,Fuscia,China,$958.02 
Benjie,Gravener,27,Genderfluid,Turquoise,Brazil,$901.40 
Yule,Bertouloume,25,Male,Purple,China,$264.83 
Cosmo,MacKessock,24,Male,Orange,China,$295.47 
Aldric,Antoniottii,22,Male,Maroon,Russia,$152.14 
Henri,Thorneywork,22,Male,Fuscia,Argentina,$218.23 
Rhianna,Galsworthy,22,Female,Khaki,Venezuela,$277.69 
Helaina,Robertz,30,Female,Red,Ukraine,$21.54 
Felicio,Boughton,21,Male,Goldenrod,Indonesia,$164.69 
Martyn,Benediktsson,20,Male,Teal,Mozambique,$535.24 
Poul,Enion,20,Male,Purple,Pakistan,$469.49 
Thayne,Bostick,29,Male,Puce,Nigeria,$635.32 
Ranee,Ahmed,24,Female,Puce,Russia,$157.36 
Lion,Dust,19,Male,Khaki,Portugal,$236.08 
Josi,Barrell,24,Female,Indigo,China,$873.90 
Irwin,Lissandri,20,Male,Puce,Sweden,$270.02 
Ainslee,Hadye,30,Female,Red,Brazil,$556.95 
Cris,Beech,30,Male,Green,Russia,$329.60 
Orrin,Coonan,28,Male,Fuscia,United States,$349.46 
Harlie,Gitsham,26,Bigender,Violet,China,$158.00 
Laurens,Gladtbach,26,Male,Indigo,Indonesia,$962.83 
Thornton,Forryan,26,Male,Yellow,Peru,$244.66 
Cirilo,Vorley,24,Male,Khaki,China,$536.18 
Arvin,Misson,27,Male,Goldenrod,Indonesia,$594.71 
Antonio,Lillo,26,Male,Mauv,Indonesia,$317.80 
Ceciley,Manley,28,Genderqueer,Puce,Indonesia,$974.99 
Freddy,Treble,28,Female,Khaki,Sweden,$91.78 
Ravid,Heath,23,Bigender,Pink,Indonesia,$57.34 
Baily,Leggett,22,Male,Yellow,China,$334.34 
Burt,Eronie,22,Male,Red,China,$332.39 
Odella,Rolin,26,Female,Violet,China,$212.66 
Northrup,Vayro,27,Male,Yellow,Russia,$416.67 
Brnaba,Heales,20,Male,Teal,Indonesia,$994.97 
Fair,Forgie,26,Male,Orange,United States,$991.75 
Zerk,Lamboll,18,Male,Puce,Russia,$420.57 
Pollyanna,Marsland,26,Female,Puce,Russia,$70.60 
Bailey,Perrins,30,Male,Goldenrod,Philippines,$757.56 
Godfry,Aylwin,29,Male,Indigo,Venezuela,$646.06 
Alano,Darko,27,Male,Violet,China,$93.78 
Raphaela,Ritchman,18,Female,Maroon,France,$500.81 
Molly,Ivens,21,Female,Mauv,France,$157.02 
Edmon,Canete,21,Male,Red,Lithuania,$121.18 
Shirley,McIlheran,21,Female,Red,Mexico,$539.67 
Dav,Fathers,22,Male,Fuscia,Peru,$537.19 
Rickie,Tebbit,25,Polygender,Goldenrod,Sweden,$644.54 
Celia,Bareford,26,Female,Green,China,$252.69 
Oralee,Paddington,21,Female,Red,Brazil,$574.16 
Mariele,Roose,24,Female,Orange,Paraguay,$899.76 
Graig,Jimenez,20,Male,Aquamarine,Brazil,$220.30 
Craggie,Jagels,21,Male,Maroon,Argentina,$599.70 
Hugh,Brightman,20,Male,Yellow,China,$959.81 
Charlotte,Bristoe,21,Genderfluid,Orange,China,$726.95 
Vernen,Runchman,29,Male,Purple,Jamaica,$886.71 
Aron,Brisseau,27,Male,Goldenrod,Russia,$22.93 
Ingunna,Banker,28,Female,Green,Philippines,$325.18 
Margarethe,Woodings,28,Female,Turquoise,Kosovo,$286.67 
Dalia,Bessent,19,Female,Violet,Portugal,$325.17 
Kissee,Ramshaw,22,Female,Goldenrod,Thailand,$372.89 
Scottie,McGenn,18,Male,Crimson,Argentina,$501.44 
Emalee,Fillary,18,Female,Fuscia,Portugal,$846.17 
Anica,Witcombe,28,Female,Aquamarine,Thailand,$512.48 
Leonore,Fones,20,Female,Maroon,Russia,$940.30 
Gavan,Stittle,20,Male,Purple,Ghana,$872.25 
Dreddy,Bendon,20,Genderfluid,Green,Argentina,$672.97 
Lucilia,Perelli,24,Female,Orange,China,$507.89 
Brina,Whittlesea,22,Female,Teal,Mexico,$611.33 
Lorin,Grebner,30,Male,Khaki,China,$930.11 
Amandi,Bradd,28,Female,Mauv,Russia,$223.88 
Thorndike,Lautie,19,Male,Teal,Colombia,$256.07 
Rafaellle,Folker,19,Male,Mauv,Israel,$103.89 
Carola,Clohisey,29,Female,Red,Pakistan,$674.16 
Maxie,Dossett,30,Male,Goldenrod,Haiti,$568.35 
Welsh,Jozsef,26,Male,Turquoise,Philippines,$87.70 
Charlton,Veivers,26,Male,Maroon,China,$820.35 
Gene,Emanson,20,Female,Yellow,Indonesia,$121.26 
Annmaria,Skells,24,Female,Khaki,Peru,$30.92 
Billy,McQuie,22,Non-binary,Puce,Indonesia,$517.28 
Tod,Tookey,19,Male,Blue,Russia,$334.05 
Ewart,Eastope,20,Male,Puce,Philippines,$542.97 
Noak,Bramsen,29,Male,Blue,Russia,$354.15 
Carmita,Brett,25,Female,Red,Peru,$797.77 
Burton,Seary,18,Male,Maroon,Honduras,$532.15 
Hazel,Soltan,22,Female,Teal,Portugal,$420.72 
Shena,Twiggs,28,Female,Pink,Greece,$784.37 
Ebenezer,Joan,26,Male,Indigo,China,$904.86 
Beryle,Arderne,25,Female,Mauv,Syria,$258.81 
Britt,Oger,26,Female,Aquamarine,Russia,$446.95 
Atlante,Blamires,28,Female,Khaki,Nigeria,$348.30 
Kaylee,Copsey,21,Female,Red,Ukraine,$872.53 
Karita,Rohmer,21,Female,Orange,China,$556.33 
Lorraine,Giovannelli,18,Female,Turquoise,Czech Republic,$248.45 
Linell,Konzel,30,Bigender,Orange,China,$419.82 
Hamel,Imos,25,Male,Purple,Indonesia,$623.43 
Jeremiah,Yushkin,18,Male,Fuscia,Austria,$28.26 
Titus,Pinkie,27,Male,Pink,Israel,$571.45 
Barclay,Bernardo,27,Male,Pink,Ireland,$261.47 
Carrol,Cahalan,29,Male,Crimson,China,$716.56 
Rebbecca,Leal,19,Female,Fuscia,Peru,$486.02 
Tallou,Breed,23,Female,Blue,China,$868.40 
Rudolfo,Dioniso,20,Male,Puce,Thailand,$768.97 
Nevsa,Sundin,23,Female,Yellow,Canada,$201.83 
Datha,Jehaes,26,Female,Yellow,Portugal,$153.93 
Erminie,Stapford,29,Female,Green,Vietnam,$865.98 
Winne,Canaan,30,Female,Violet,Netherlands,$868.89 
Martainn,Tummond,30,Male,Green,Czech Republic,$861.73 
Roland,Pepi,24,Male,Turquoise,China,$35.89 
Ely,Coatman,23,Male,Teal,Philippines,$741.17 
Rocky,Vettore,23,Male,Yellow,Mexico,$248.82 
Juliet,Pipping,18,Bigender,Purple,China,$572.26 
Ketti,Roblin,22,Female,Red,China,$258.70 
Sherye,Rumens,25,Genderfluid,Goldenrod,China,$36.01 
Abran,Coady,21,Male,Mauv,Philippines,$469.84 
Jolynn,Stooders,24,Female,Turquoise,Guatemala,$624.36 
Horatius,Reihill,19,Male,Red,Colombia,$332.34 
Caroljean,De Nisco,29,Female,Crimson,China,$714.73 
Wat,Collimore,24,Bigender,Teal,United States,$607.60 
Chadwick,Fehners,27,Male,Red,Nigeria,$355.02 
Ben,Gee,26,Male,Aquamarine,Denmark,$336.45 
Chrissie,Raund,19,Male,Purple,Indonesia,$963.34 
Teri,Grigg,29,Female,Khaki,Nigeria,$546.46 
Reggy,Flack,21,Male,Red,Colombia,$998.62 
Corena,Stroulger,20,Female,Pink,Haiti,$244.89 
Bjorn,Di Filippo,24,Male,Goldenrod,Greece,$991.23 
Christin,Vakhrushin,26,Female,Teal,China,$255.75 
Tommie,Franschini,24,Female,Khaki,Philippines,$878.52 
Clemente,Abbatt,29,Male,Green,Philippines,$586.74 
Allistir,Gyenes,22,Male,Indigo,Portugal,$731.90 
Lyn,Adamides,29,Male,Green,France,$216.87 
Dayna,Hoys,19,Female,Puce,China,$789.58 
Lee,Gissop,30,Male,Orange,Philippines,$20.78 
Virgil,Doutch,23,Male,Pink,China,$997.57 
Manolo,Lea,18,Male,Green,Poland,$76.40 
Lisette,Strethill,29,Female,Violet,China,$39.04 
Dacia,Lyall,27,Female,Aquamarine,Serbia,$886.01 
Riva,Dimbleby,24,Female,Turquoise,Portugal,$482.33 
Vernen,Carass,24,Male,Violet,Indonesia,$979.31 
Michal,Lannin,25,Genderfluid,Yellow,Indonesia,$207.14 
Chester,Ruzicka,23,Male,Goldenrod,China,$955.70 
Fremont,Ellcome,28,Male,Green,Finland,$815.37 
Brittan,Friday,21,Female,Goldenrod,Azerbaijan,$226.46 
Cariotta,Orrett,27,Female,Khaki,Philippines,$358.93 
Culver,Duigan,19,Male,Orange,China,$356.93 
Aubree,Lowsely,18,Female,Turquoise,Ireland,$252.97 
Chanda,Parkhouse,18,Female,Red,Canada,$421.40 
Greggory,Johansson,28,Male,Goldenrod,Japan,$59.12 
Roxy,Burkinshaw,28,Female,Yellow,Poland,$330.08 
Hort,Conlon,27,Male,Mauv,China,$667.08 
Doti,Dockray,19,Female,Yellow,Portugal,$503.61 
Hakim,Boar,18,Male,Aquamarine,Cuba,$465.98 
Adella,Heigho,28,Female,Goldenrod,Russia,$376.40 
Dana,Siddle,18,Male,Khaki,Brazil,$429.44 
Keir,McClounan,18,Male,Red,France,$519.73 
Cherianne,Hardi,19,Female,Maroon,Bosnia and Herzegovina,$836.46 
Lane,Peeke,28,Male,Purple,China,$730.01 
Romonda,Sangar,24,Female,Khaki,China,$321.53 
Chaddie,Birrell,28,Male,Fuscia,Peru,$0.43 
Karola,Moy,26,Bigender,Khaki,Thailand,$96.97 
Israel,Prandy,30,Male,Pink,China,$35.95 
Alessandra,Saintpierre,26,Female,Puce,Philippines,$670.91 
Blaine,Southeran,21,Male,Crimson,Philippines,$314.90 
Oren,Ferguson,28,Male,Mauv,Palestinian Territory,$425.83 
Clarke,Buttner,24,Male,Purple,China,$546.39 
Aeriel,Kirstein,21,Female,Red,Indonesia,$831.21 
Zia,Riddick,24,Female,Turquoise,Morocco,$196.55 
Nickolas,Kiln,20,Male,Puce,Russia,$610.25 
Ash,Begwell,29,Male,Pink,South Korea,$368.94 
Marcus,Quick,30,Non-binary,Fuscia,Russia,$798.73 
Aeriel,Lamplough,28,Female,Violet,France,$31.63 
Valentin,March,25,Male,Blue,China,$257.16 
Noe,Satterthwaite,26,Male,Goldenrod,Portugal,$682.06 
Gabe,Cruddace,26,Male,Blue,France,$531.73 
Mattias,Mumbray,25,Male,Teal,China,$379.95 
Durant,Lunt,19,Male,Fuscia,Philippines,$422.86 
Dave,Nisco,27,Male,Violet,China,$808.86 
Elsie,Lidell,27,Female,Green,Philippines,$73.11 
Arliene,McNutt,18,Female,Orange,Indonesia,$354.95 
Tyson,Thomsen,26,Male,Violet,Argentina,$55.10 
Reynolds,Burkert,18,Male,Orange,Poland,$559.92 
Stanly,Kilbane,24,Male,Purple,Brazil,$335.60 
Estel,Isakov,30,Female,Orange,Czech Republic,$471.75 
Birk,Kibel,28,Male,Mauv,Sweden,$148.60 
Merilyn,Anlay,28,Female,Maroon,Czech Republic,$168.06 
Nathan,Greser,25,Male,Orange,Namibia,$418.25 
Grove,Harnwell,29,Male,Khaki,China,$430.83 
Jeffie,Barnicott,30,Male,Mauv,Venezuela,$951.15 
Xymenes,Martyntsev,18,Bigender,Goldenrod,Botswana,$760.29 
Fanechka,Cawthorne,28,Female,Mauv,China,$679.41 
Karoline,Byrcher,18,Female,Maroon,United States,$558.69 
Malchy,Gorwood,21,Male,Turquoise,Philippines,$922.69 
Carol-jean,Yankov,27,Female,Yellow,Philippines,$531.78 
Gian,Clubley,21,Male,Purple,Cyprus,$112.38 
Michaeline,Pound,20,Female,Puce,Czech Republic,$395.07 
Daryl,Smorthit,22,Male,Yellow,China,$383.28 
Allen,Harlow,20,Male,Indigo,Canada,$644.68 
Ericka,Leavy,26,Female,Purple,Finland,$53.25 
Cathlene,Lovick,19,Female,Red,Malaysia,$504.67 
Cynthia,Braunlein,25,Female,Red,South Korea,$250.38 
Shoshana,Vynoll,18,Female,Puce,Indonesia,$40.65 
Ranna,Norcott,20,Female,Puce,Indonesia,$264.16 
Joni,Gave,29,Female,Aquamarine,Russia,$153.67 
Paule,Staines,26,Female,Aquamarine,United States,$450.43 
Aloysia,Malcher,18,Female,Khaki,Russia,$275.98 
Graehme,Walthew,18,Male,Orange,Philippines,$179.38 
Lenard,Aronow,23,Male,Orange,Japan,$374.56 
Valle,Hansmann,18,Male,Blue,South Africa,$315.16 
Sully,Vynoll,28,Male,Puce,Russia,$952.83 
Sergeant,Quan,22,Male,Aquamarine,Portugal,$920.20 
Zea,Seed,20,Female,Violet,Mongolia,$646.64 
Alix,Rambadt,22,Male,Crimson,Morocco,$941.84 
Duff,Lanon,21,Male,Maroon,Faroe Islands,$931.62 
Yorgo,Ville,20,Male,Khaki,Jamaica,$466.38 
Adda,Dendle,26,Genderqueer,Purple,South Georgia and the South Sandwich Islands,$563.96 
Engracia,Gimblet,21,Female,Purple,Peru,$315.19 
Ruperta,Murtagh,19,Female,Violet,Moldova,$754.04 
Joel,Hendriks,23,Bigender,Red,Costa Rica,$698.97 
Elonore,Wadly,27,Agender,Puce,Qatar,$743.75 
Corrine,Lapwood,29,Female,Orange,Macedonia,$210.01 
Florenza,Sandlin,20,Female,Violet,Bosnia and Herzegovina,$648.75 
Jamie,Alishoner,28,Male,Red,Albania,$931.59 
Michell,Mew,27,Female,Teal,Portugal,$372.85 
Saraann,Cusiter,25,Female,Aquamarine,France,$89.34 
Geri,Rozanski,18,Female,Puce,North Korea,$926.73 
Roderic,Geydon,23,Male,Indigo,China,$474.59 
Ora,Hasel,21,Female,Khaki,Montenegro,$431.90 
Rosella,Dinjes,19,Female,Red,Russia,$212.01 
Brodie,Hellen,20,Male,Crimson,Serbia,$904.56 
Brian,Dunbobbin,18,Male,Green,Indonesia,$903.39 
Garwood,Margery,27,Male,Khaki,China,$337.41 
Biddie,Packwood,23,Female,Fuscia,Argentina,$382.17 
Mohammed,Rewcassell,22,Male,Green,Indonesia,$957.47 
Hagan,Willes,18,Male,Teal,Indonesia,$919.95 
Boothe,Malan,20,Male,Maroon,Suriname,$372.67 
Wayne,Floyde,24,Male,Maroon,Honduras,$517.57 
Tully,Kinsey,27,Male,Goldenrod,Turkmenistan,$563.16 
Sidoney,Gerber,27,Female,Aquamarine,China,$186.84 
Sheba,Twamley,20,Female,Blue,Sweden,$597.91 
Verney,Bidmead,26,Male,Maroon,China,$608.17 
Korie,Heinel,29,Female,Goldenrod,Sudan,$836.93 
Corrie,Kempster,18,Polygender,Teal,China,$494.53 
Roanne,Ellacombe,20,Female,Aquamarine,Czech Republic,$178.22 
Archer,Dafter,19,Male,Aquamarine,Philippines,$573.19 
Gay,Swannack,27,Female,Indigo,Russia,$14.80 
Giselbert,Ropartz,19,Male,Indigo,Portugal,$406.02 
Layney,Chansonnau,26,Female,Fuscia,Russia,$654.82 
Annmarie,Boshell,20,Female,Mauv,Philippines,$792.98 
Isadora,Fremantle,29,Female,Green,Indonesia,$502.09 
Kippy,Roundtree,24,Female,Pink,Poland,$303.50 
Etheline,Bernhardsson,21,Female,Purple,Egypt,$771.85 
Ester,Moncreiff,20,Polygender,Red,France,$661.85 
Arney,Zappel,30,Male,Teal,South Africa,$348.31 
Jacklin,Gallgher,26,Female,Green,Poland,$337.09 
Ferdie,Rawet,18,Male,Blue,Portugal,$156.02 
Ragnar,Topes,18,Male,Goldenrod,China,$588.13 
Erich,Sprigin,24,Male,Turquoise,Cuba,$127.18 
Antoine,Detoc,24,Male,Pink,Grenada,$259.33 
Sherwin,Lambell,21,Male,Orange,Brazil,$311.37 
Chrissie,Gheorghe,20,Male,Teal,Palestinian Territory,$194.92 
Bucky,Millbank,28,Male,Maroon,Sweden,$840.11 
Sorcha,Gravy,18,Female,Violet,Indonesia,$181.73 
Franklyn,Cancutt,28,Male,Maroon,Portugal,$815.29 
Leanora,Dimic,24,Female,Maroon,Brazil,$969.71 
Lenci,Keniwell,27,Male,Turquoise,Indonesia,$444.52 
Andriana,Houlton,20,Female,Green,Indonesia,$598.01 
Franchot,Kaiser,25,Male,Crimson,Norway,$738.90 
Pen,Birkinshaw,27,Female,Aquamarine,Uzbekistan,$383.27 
Lesley,Taborre,22,Female,Yellow,China,$350.27 
Hamil,McGeffen,21,Male,Green,Brazil,$878.21 
Betta,Ainge,28,Female,Pink,Philippines,$636.71 
Mellisent,German,25,Female,Green,Sierra Leone,$293.39 
Ulrike,Peaple,29,Female,Mauv,Nigeria,$88.17 
Stearn,Kenan,19,Male,Yellow,Brazil,$65.70 
Chaunce,Duiged,29,Male,Teal,United States,$980.91 
Joell,Rousell,28,Female,Indigo,Ukraine,$541.98 
Berti,Glasner,23,Non-binary,Khaki,Senegal,$674.98 
Ingra,Croall,22,Male,Khaki,Japan,$114.32 
Ado,Riccetti,21,Male,Mauv,Kazakhstan,$730.85 
Cordelia,Molohan,20,Female,Khaki,China,$15.95 
Winfield,Scates,28,Male,Blue,Nigeria,$357.80 
Vincenz,Cafferty,23,Male,Crimson,Portugal,$316.27 
Zelda,Brettor,22,Agender,Goldenrod,China,$58.77 
Rebekkah,Cork,24,Female,Turquoise,Ukraine,$798.35 
Blondie,Worsfold,23,Female,Fuscia,South Africa,$680.05 
Joyce,Bramsom,25,Female,Orange,Japan,$617.54 
Arleta,Kersley,21,Female,Puce,Russia,$188.92 
Ollie,Wrightem,20,Male,Green,Poland,$308.45 
Alta,Lamden,26,Female,Teal,Thailand,$377.86 
Juan,Wickling,23,Male,Turquoise,Honduras,$525.69 
Heall,Connikie,19,Male,Khaki,Brazil,$917.74 
Vera,Bywaters,26,Female,Mauv,Brazil,$390.01 
Jewel,Pingstone,19,Female,Puce,Indonesia,$405.61 
Starlene,Hugonneau,24,Female,Puce,Azerbaijan,$572.42 
Nigel,Keigher,24,Male,Khaki,Philippines,$43.35 
Egbert,Brightling,23,Male,Violet,Germany,$513.41 
Kelwin,Karpenko,29,Male,Maroon,Egypt,$726.09 
Adrea,Fenkel,28,Female,Maroon,Philippines,$758.16 
Devlin,Jillis,27,Male,Puce,Russia,$189.94 
Tommy,Ledeker,24,Female,Aquamarine,South Africa,$985.03 
Dicky,Shine,26,Male,Crimson,Sweden,$534.64 
Bastian,Madeley,18,Male,Yellow,Portugal,$313.66 
Kayla,McCartney,27,Female,Purple,Brazil,$210.86 
Conway,Gowar,19,Male,Indigo,China,$228.26 
Garth,Hoyle,30,Male,Puce,China,$50.40 
Wilhelm,Lindup,30,Male,Purple,Portugal,$142.18 
Barry,Klimov,30,Female,Pink,Poland,$556.09 
Kareem,Cady,22,Male,Violet,Austria,$419.89 
Geneva,Bartol,23,Female,Indigo,Czech Republic,$715.97 
Egon,Schubbert,20,Male,Pink,Albania,$650.78 
Nikolas,Montfort,24,Male,Yellow,Costa Rica,$584.90 
Davy,Bradneck,20,Male,Mauv,Honduras,$1.81 
Ignacius,Cuckoo,20,Male,Teal,Malta,$237.41 
Kessia,Algore,19,Female,Turquoise,Dominican Republic,$220.46 
Terri,Elgram,26,Agender,Teal,Russia,$772.66 
Beret,Vasnetsov,27,Female,Yellow,Poland,$42.97 
Moria,Binning,30,Female,Crimson,France,$76.34 
Madalena,Harlowe,21,Female,Pink,Portugal,$129.01 
Ellis,Housego,27,Male,Puce,Portugal,$405.18 
Kelsey,Gyrgorcewicx,22,Male,Orange,China,$210.72 
Marji,Huckfield,20,Female,Aquamarine,Iran,$781.12 
Drucie,Gavan,24,Female,Red,South Africa,$417.86 
Alberto,Andryunin,23,Male,Violet,Russia,$864.09 
Olive,Kilbourne,26,Agender,Puce,Canada,$187.36 
Ethe,Giddins,28,Agender,Green,Norway,$546.71 
Errol,Dymott,18,Male,Red,Portugal,$159.54 
Halimeda,Derington,23,Female,Orange,China,$640.36 
Robin,Courtese,28,Female,Turquoise,China,$730.47 
Eleanor,Antonignetti,21,Female,Pink,Serbia,$526.27 
Sherlocke,Symson,23,Male,Turquoise,Brazil,$229.02 
Con,Bouda,25,Female,Crimson,Greece,$856.59 
Lidia,Fennelly,21,Female,Khaki,Panama,$65.50 
Noella,Ghione,24,Female,Aquamarine,Colombia,$702.15 
Eddie,Tows,30,Male,Puce,Poland,$731.56 
Freddi,Howchin,22,Female,Indigo,France,$885.61 
Iorgos,Sidney,21,Male,Turquoise,China,$433.20 
Ansell,Vail,23,Male,Turquoise,Argentina,$47.69 
Cristi,Hailey,20,Female,Orange,Mauritius,$496.68 
Dorotea,Webland,23,Female,Orange,Morocco,$727.45 
Cornelius,Cathesyed,18,Male,Indigo,Russia,$602.46 
Vikky,Manlow,19,Genderfluid,Teal,Czech Republic,$742.08 
Mattie,Duro,21,Female,Aquamarine,Brazil,$518.09 
Nat,Winsborrow,19,Male,Blue,United States,$318.99 
Celesta,Morant,26,Agender,Goldenrod,Philippines,$248.96 
Loleta,Cayle,23,Female,Red,Chile,$960.43 
Carson,Philipsson,23,Male,Puce,Ukraine,$452.52 
Clementine,Sinyard,21,Female,Fuscia,China,$630.44 
Zedekiah,Filipovic,23,Male,Maroon,Azerbaijan,$292.14 
Dedra,Meffan,24,Female,Green,Nigeria,$901.32 
Britni,Soonhouse,18,Female,Turquoise,Russia,$715.27 
Kermy,Mottini,22,Male,Goldenrod,Russia,$389.02 
Zeke,Doornbos,24,Male,Purple,Uganda,$990.52 
Archer,Liddy,18,Male,Turquoise,Brazil,$877.88 
Ailina,Lief,24,Female,Red,Portugal,$913.75 
Dilly,Rilton,18,Male,Violet,Brazil,$792.43 
Ulberto,Danigel,20,Bigender,Blue,Canada,$573.48 
Veronika,Klamp,21,Female,Fuscia,China,$706.03 
Russ,Poznanski,28,Male,Pink,Indonesia,$206.50 
Bing,Deamer,26,Male,Crimson,China,$867.26 
Nancy,MacNally,25,Female,Goldenrod,Colombia,$324.71 
Rainer,Kneath,23,Male,Mauv,Brazil,$87.39 
Jonathan,Kamenar,22,Male,Teal,Indonesia,$813.85 
Reece,Schinetti,19,Male,Green,Sweden,$212.51 
Westleigh,Boick,20,Male,Blue,Uganda,$259.59 
Noach,Mosby,22,Male,Crimson,Sweden,$334.00 
Brig,Dashkov,23,Male,Crimson,Poland,$951.41 
Lucie,Sussems,28,Agender,Puce,China,$51.79 
Reagan,Guion,27,Male,Turquoise,Germany,$937.61 
Dana,Cowap,30,Female,Teal,Philippines,$826.65 
Johnathan,Pringell,27,Male,Crimson,Brazil,$347.61 
Philip,Burgane,26,Male,Yellow,Peru,$138.63 
Donny,Bucher,18,Female,Khaki,Russia,$184.51 
Kirk,Callery,27,Male,Mauv,Philippines,$971.31 
Jens,Clemmens,23,Male,Goldenrod,Japan,$831.35 
Rollie,Sparrowe,28,Male,Green,Russia,$126.14 
Seka,Greswell,24,Female,Violet,Peru,$135.76 
Cassondra,Lauritsen,25,Bigender,Blue,Serbia,$283.62 
Nedi,Selburn,22,Female,Puce,China,$254.84 
Elinore,Crankhorn,26,Female,Violet,Indonesia,$166.88 
Augustina,Drayton,22,Female,Yellow,Mexico,$389.05 
Margeaux,Battany,19,Female,Goldenrod,Brazil,$338.00 
Adlai,Bingley,27,Male,Fuscia,Namibia,$483.81 
Miguela,Anscott,28,Female,Red,Poland,$909.44 
Raymond,Smeuin,24,Male,Indigo,Iran,$653.32 
Hillary,Bresman,20,Female,Maroon,Egypt,$557.95 
Isa,Riddall,29,Male,Purple,Argentina,$736.08 
Esta,Elcom,22,Female,Fuscia,Philippines,$409.79 
Tracie,Aksell,27,Female,Mauv,Indonesia,$15.81 
Thelma,Ratley,27,Polygender,Khaki,China,$461.28 
Khalil,Gofford,26,Male,Yellow,Portugal,$433.82 
Eddie,Rape,23,Male,Orange,Republic of the Congo,$167.60 
Fawne,Bursnell,22,Genderfluid,Turquoise,Ukraine,$723.71 
Lawrence,Cofax,30,Male,Pink,China,$6.28 
Trstram,Bobasch,20,Male,Puce,Reunion,$117.26 
Wilone,Bourke,18,Female,Puce,Indonesia,$215.08 
Dmitri,Bettley,22,Male,Red,Nicaragua,$18.05 
Eddie,Ebsworth,25,Male,Crimson,Paraguay,$915.73 
Dill,Synan,26,Male,Maroon,Hungary,$670.22 
Elaine,Ashbrook,28,Female,Mauv,China,$296.32 
Fabiano,Cavill,21,Male,Pink,Argentina,$137.67 
Jeana,Pittam,18,Female,Indigo,China,$323.62 
Cooper,Condliffe,18,Male,Yellow,China,$100.91 
Anthea,Tale,23,Female,Pink,United States,$334.72 
Ellery,Gotecliffe,25,Male,Goldenrod,Canada,$7.46 
Rutledge,Haucke,18,Male,Aquamarine,Philippines,$955.36 
Angelica,Wixey,20,Polygender,Red,Palestinian Territory,$778.10 
Ailene,Kale,27,Female,Indigo,Sweden,$740.59 
Verina,Rubinovitsch,23,Female,Puce,Palestinian Territory,$227.40 
Rozalie,Reddyhoff,22,Female,Purple,Vietnam,$482.80 
Bar,Semper,22,Polygender,Crimson,Vietnam,$62.29 
Bowie,Hardern,28,Male,Khaki,France,$946.63 
Nerti,Filasov,21,Agender,Puce,Brazil,$814.39 
Elaine,Bockett,19,Female,Pink,Afghanistan,$998.86 
Baily,Barnsdale,27,Male,Purple,Serbia,$579.90 
Iris,McPolin,18,Female,Maroon,Colombia,$257.83 
Lorilyn,Pesticcio,26,Female,Puce,Ivory Coast,$661.05 
Pavlov,Eales,30,Male,Maroon,Indonesia,$50.50 
Bartie,Iverson,28,Male,Puce,Indonesia,$552.62 
Mattie,Schaumaker,19,Male,Aquamarine,China,$72.90 
Gustave,Twiddell,21,Male,Red,South Africa,$803.40 
Carmel,Raynes,28,Female,Orange,Czech Republic,$898.15 
Zebadiah,Wermerling,26,Male,Aquamarine,Brazil,$839.44 
Gerti,Flood,19,Female,Crimson,Brazil,$22.33 
Sibelle,Hurling,20,Female,Fuscia,Iran,$611.20 
Filia,Tourner,28,Female,Goldenrod,Namibia,$652.10 
Valery,Wear,23,Female,Puce,China,$808.01 
Kathi,Kinnie,21,Female,Blue,Brazil,$784.84 
Jilly,Eadington,29,Female,Fuscia,China,$154.32 
Keely,Petche,20,Female,Indigo,China,$788.54 
Jordan,Matton,25,Male,Mauv,Sweden,$122.97 
Daron,Birney,25,Male,Pink,Israel,$895.36 
Fanchon,Richold,27,Female,Goldenrod,Portugal,$991.67 
Hubert,Beenham,26,Male,Purple,Philippines,$916.44 
Karita,Craigmyle,30,Female,Purple,Mayotte,$860.09 
Marilin,Kneath,18,Female,Red,Sweden,$242.41 
Darrelle,Hodcroft,19,Agender,Orange,France,$820.70 
Torrance,Zielinski,22,Male,Turquoise,South Africa,$409.35 
Karoly,Habbes,26,Female,Pink,Norway,$953.79 
Hilary,Molines,18,Female,Puce,China,$175.60 
Lonnie,Hammond,29,Male,Red,Greece,$626.50 
Grannie,Brolly,23,Male,Khaki,Ukraine,$41.86 
Aubine,Horche,19,Female,Red,Philippines,$557.05 
Horten,Defau,19,Male,Maroon,Czech Republic,$540.03 
Shaun,Veelers,21,Agender,Maroon,Brazil,$170.88 
Carmon,Werndly,21,Female,Pink,Sweden,$199.35 
Loralie,Chate,21,Female,Violet,Poland,$187.82 
Dwain,Wiggin,20,Genderfluid,Teal,Indonesia,$645.98 
Melantha,Gherardi,25,Female,Yellow,France,$850.19 
Faustine,Leban,29,Female,Khaki,Peru,$366.35 
Gwynne,Whitlaw,21,Female,Orange,Colombia,$797.02 
Katalin,Griswood,25,Female,Teal,Cuba,$261.53 
Brandais,Bennison,27,Female,Khaki,China,$802.88 
Enid,Townson,23,Female,Green,Ecuador,$57.24 
Dottie,Boden,19,Female,Yellow,Ukraine,$968.85 
Kenyon,Blackmuir,26,Male,Turquoise,Morocco,$143.64 
Dionisio,Elham,25,Male,Teal,Philippines,$354.85 
Wendy,Guarin,19,Female,Orange,Guatemala,$188.26 
Ruthe,Dudney,26,Female,Fuscia,China,$756.67 
Leicester,Westmacott,25,Male,Puce,Indonesia,$192.50 
Vernice,Reubel,29,Female,Mauv,China,$970.39 
Dukie,Commucci,24,Non-binary,Orange,China,$517.20 
Mariann,Gantley,27,Female,Blue,China,$692.98 
Clair,Dornan,21,Male,Aquamarine,China,$342.37 
Xymenes,Dowse,19,Male,Pink,Zimbabwe,$632.03 
Lida,Barcroft,19,Female,Yellow,Palestinian Territory,$556.53 
Reider,Sabbin,20,Male,Aquamarine,Peru,$689.47 
Jenica,Baglin,29,Female,Turquoise,Lebanon,$752.11 
Jonas,Brumen,29,Male,Maroon,Dominican Republic,$615.96 
Winni,Cicerone,29,Genderfluid,Puce,China,$405.07 
Spense,Morot,22,Male,Turquoise,North Korea,$86.82 
Gilberto,Whittaker,18,Male,Teal,Czech Republic,$354.15 
Margarete,Yarrow,26,Female,Orange,China,$30.04 
Rora,Kesterton,18,Female,Goldenrod,Norway,$949.28 
Eugenio,Lowis,28,Male,Violet,Indonesia,$221.24 
Sherwood,Tandy,21,Male,Aquamarine,Portugal,$821.44 
Betti,Trevorrow,18,Female,Fuscia,Sweden,$979.07 
Padraig,Matzke,22,Male,Green,United States,$837.37 
Willa,Bleesing,25,Female,Green,Sweden,$636.32 
Linnie,Saulter,29,Female,Fuscia,Honduras,$497.38 
Dannie,Paik,22,Male,Pink,Burkina Faso,$803.66 
Rora,Dunston,25,Female,Indigo,Cuba,$597.18 
Gladys,Brunsdon,25,Female,Red,France,$754.16 
Eydie,Dutnell,26,Female,Indigo,China,$946.73 
Pietro,Speeding,22,Male,Puce,United States,$195.04 
Jenn,Bristoe,28,Female,Goldenrod,Brazil,$426.08 
Edward,Mound,19,Male,Orange,Philippines,$211.19 
Burty,Sushams,26,Genderqueer,Puce,China,$553.62 
Jackquelin,Nollet,29,Female,Turquoise,Peru,$311.24 
Lorry,Briddle,22,Male,Goldenrod,Afghanistan,$690.55 
Gavin,Cowern,30,Male,Orange,France,$123.31 
Millie,Pelz,22,Female,Turquoise,Moldova,$466.24 
Bettine,Selbach,27,Female,Yellow,South Africa,$364.58 
Corbett,Mulkerrins,24,Male,Red,Indonesia,$579.21 
Roarke,Hallatt,22,Male,Aquamarine,China,$900.92 
Lenci,Fleeman,24,Male,Puce,Argentina,$51.90 
Zenia,Scotchforth,21,Genderfluid,Indigo,China,$519.44 
Rolph,de Voiels,18,Genderqueer,Aquamarine,Chad,$746.52 
Wendall,Lavers,23,Male,Maroon,Philippines,$887.22 
Bobby,Powter,19,Female,Teal,Russia,$655.41 
Damon,Tatem,18,Non-binary,Green,Canada,$42.34 
Erl,Codron,23,Male,Blue,Israel,$232.26 
Bette-ann,Wyburn,18,Female,Teal,Honduras,$13.96 
Yorgo,Leydon,24,Male,Teal,Greenland,$122.90 
Gaven,Kilty,18,Male,Fuscia,Panama,$736.57 
Glenn,Thickens,25,Male,Violet,Yemen,$218.10 
Katee,Strowther,22,Genderqueer,Orange,Peru,$974.93 
Terry,Wilce,26,Female,Violet,Indonesia,$823.21 
Norma,Anfossi,22,Female,Orange,Guinea,$537.73 
Bradney,Lace,24,Male,Khaki,China,$158.60 
Sondra,Brownsill,22,Female,Orange,China,$572.01 
Nadine,Tiplady,30,Female,Teal,Russia,$720.74 
Currie,Fellibrand,18,Male,Green,Pakistan,$230.57 
Paloma,Dowthwaite,18,Female,Puce,Argentina,$885.82 
Sim,Belvin,26,Bigender,Aquamarine,Russia,$124.10 
Ilise,Verden,29,Female,Violet,Slovenia,$640.16 
Gerladina,Rumbellow,18,Female,Turquoise,Hungary,$575.40 
Naoma,Kenefick,26,Genderqueer,Violet,Brazil,$121.56 
Bonita,Mabbott,27,Female,Teal,Portugal,$708.68 
Rene,Oxtarby,30,Male,Turquoise,Philippines,$839.10 
Niall,Barnewell,30,Male,Aquamarine,Indonesia,$635.86 
Clevey,Meriet,24,Male,Orange,Latvia,$450.72 
Michaelina,Garrish,24,Female,Crimson,Russia,$113.09 
Graehme,Skoate,26,Male,Mauv,China,$815.91 
Rich,Kinder,26,Male,Orange,Libya,$946.10 
Alyosha,Urling,22,Male,Khaki,Thailand,$63.63 
Ruthie,Grant,24,Female,Goldenrod,Nigeria,$853.76 
Devlen,Pawlick,29,Male,Blue,Bosnia and Herzegovina,$479.46 
Vachel,Gieraths,23,Male,Teal,Sweden,$478.04 
Nellie,Garnall,23,Female,Green,Russia,$83.64 
Muhammad,Skough,30,Male,Yellow,Brazil,$467.23 
Harlan,Olcot,18,Male,Mauv,China,$274.07 
Franzen,Cumberledge,26,Male,Indigo,Russia,$126.22 
Judah,Harme,24,Male,Khaki,Poland,$111.56 
Paige,Stiell,18,Male,Yellow,China,$625.67 
Letitia,Baudet,19,Female,Indigo,China,$834.49 
Wilma,Iddison,21,Female,Maroon,Samoa,$919.32 
Bernardina,Titheridge,28,Female,Goldenrod,Thailand,$328.28 
Ruddie,Boggas,25,Male,Khaki,Cyprus,$243.77 
Megan,Antoniazzi,24,Female,Puce,Egypt,$764.46 
Mano,Haisell,29,Male,Turquoise,China,$998.72 
Karlene,Peaseman,26,Female,Pink,China,$445.52 
Selia,Darragh,22,Female,Mauv,Mozambique,$802.92 
Trefor,Stathers,30,Male,Green,Brazil,$146.47 
Damien,Brignall,24,Male,Puce,China,$719.52 
Joannes,Keld,18,Female,Indigo,Nigeria,$903.84 
Reider,Haywood,27,Male,Turquoise,Argentina,$838.17 
Sigrid,Espine,21,Female,Red,Argentina,$531.91 
Melony,Iowarch,26,Female,Orange,Iran,$264.94 
Hillery,Byers,25,Male,Fuscia,Costa Rica,$760.57 
Ignatius,Molineux,18,Male,Red,China,$808.03 
Eal,Savidge,20,Male,Orange,Russia,$799.36 
Eydie,Fenemore,29,Female,Blue,France,$22.92 
Clement,Cleveland,22,Male,Indigo,France,$594.63 
Vincent,Wherrett,22,Male,Teal,Democratic Republic of the Congo,$106.24 
Valida,Curtin,25,Female,Fuscia,China,$313.25 
Lexis,Godard,29,Female,Mauv,Bulgaria,$821.62 
Edythe,Wathell,22,Female,Khaki,Russia,$394.08 
Westley,Faivre,27,Male,Violet,Mexico,$289.72 
Burton,Mabley,24,Male,Yellow,China,$960.88 
Chaim,Pettett,25,Male,Violet,Bosnia and Herzegovina,$451.97 
Ulysses,Harrington,20,Male,Indigo,Philippines,$979.61 
Lanny,Bosson,29,Male,Pink,Brazil,$986.02 
Jean,Sweet,20,Female,Indigo,China,$82.26 
Lacie,Bordiss,20,Female,Indigo,Philippines,$47.26 
Mercy,Yurocjkin,21,Female,Puce,Poland,$230.85 
Sula,Dunkerton,27,Female,Maroon,Indonesia,$250.33 
Araldo,Hamp,18,Male,Yellow,Italy,$315.77 
Llywellyn,Frank,20,Male,Orange,Mongolia,$710.12 
Carri,Road,22,Polygender,Turquoise,Peru,$183.00 
Lynsey,Mordy,19,Female,Maroon,United States,$340.80 
Barnabas,Gresley,28,Male,Red,Bulgaria,$202.40 
Frants,Bryns,24,Male,Violet,Indonesia,$173.15 
Aile,Pauluzzi,22,Female,Purple,Guatemala,$529.28 
Saleem,Millea,26,Male,Khaki,Colombia,$971.83 
Goran,Bartolomivis,19,Male,Violet,Tanzania,$426.60 
Kennith,Ribbon,20,Male,Pink,Ukraine,$955.43 
Lilla,Kleisle,28,Female,Red,Poland,$368.62 
Darci,Vallow,18,Female,Crimson,China,$29.87 
Vinni,Salvadori,21,Female,Indigo,Mongolia,$427.85 
Tamarra,Decayette,29,Female,Puce,China,$16.98 
Ky,Waind,19,Bigender,Pink,Sweden,$785.94 
Pembroke,Coom,26,Male,Maroon,Colombia,$271.09 
Gleda,House,23,Agender,Indigo,Iran,$996.62 
Filbert,Blunderfield,23,Polygender,Maroon,Poland,$138.50 
Ailis,Seater,22,Female,Maroon,Indonesia,$971.15 
Valera,Hevner,20,Female,Mauv,Sweden,$682.52 
Eleanor,Airds,30,Female,Yellow,Portugal,$312.55 
Brodie,Darville,27,Male,Puce,Indonesia,$292.76 
Loren,Bettesworth,24,Male,Crimson,Denmark,$429.86 
Charline,Ayling,18,Female,Blue,China,$309.40 
Lynnette,Laverty,25,Female,Fuscia,Venezuela,$192.57 
Kalli,Element,29,Female,Teal,China,$952.60 
Moss,Gwyneth,19,Male,Puce,Russia,$928.14 
Danie,Handrock,30,Male,Puce,Belize,$393.73 
Noby,Domoni,29,Male,Orange,China,$993.55 
Catharine,Hatry,18,Female,Yellow,Pakistan,$537.68 
Patricio,Kardos,23,Male,Yellow,China,$686.29 
Orv,Lemmertz,30,Male,Orange,Argentina,$680.77 
Marylynne,Mindenhall,18,Female,Violet,Czech Republic,$504.79 
Pamella,Locks,19,Female,Red,Peru,$275.67 
Ceciley,Frentz,20,Female,Pink,Japan,$413.15 
Padraig,Laughlan,30,Male,Goldenrod,Sweden,$86.90 
Othello,Bothwell,20,Bigender,Red,Angola,$738.21 
Julian,Maskall,22,Male,Green,Sri Lanka,$593.32 
Durward,Pepperd,21,Male,Orange,Zimbabwe,$614.88 
Selma,Giacometti,20,Female,Indigo,Indonesia,$668.44 
Walliw,Toma,20,Female,Red,Kazakhstan,$320.02 
Jerome,Perrycost,29,Male,Teal,Greece,$178.73 
Eugenie,Berzins,29,Female,Indigo,China,$412.74 
King,Futcher,24,Male,Pink,France,$550.09 
Sebastian,Danilov,20,Male,Puce,Peru,$876.35 
Borden,Lincke,29,Bigender,Purple,Portugal,$246.94 
Bertrand,Foucard,25,Male,Green,Ukraine,$641.92 
Robinetta,Klimke,19,Female,Fuscia,American Samoa,$192.32 
Thorstein,Hussey,18,Male,Yellow,Indonesia,$825.21 
Tedman,Merring,23,Male,Mauv,Kosovo,$162.38 
Frieda,Cunningham,28,Female,Blue,Poland,$167.56 
Aldin,McVittie,21,Male,Indigo,Estonia,$909.02 
Annemarie,Attersoll,30,Female,Purple,Indonesia,$810.00 
Huntington,Tubbles,30,Male,Khaki,Canada,$938.70 
Cleopatra,Dexter,30,Female,Yellow,Croatia,$878.60 
Hanson,Pacht,24,Male,Red,France,$181.16 
Damien,Snasdell,21,Male,Purple,Greece,$784.65 
Biron,Aubin,21,Male,Khaki,Panama,$215.00 
Jenny,Tunny,24,Female,Pink,China,$943.81 
Magdalen,Hemshall,21,Female,Blue,China,$805.86 
Annabelle,Duley,26,Female,Fuscia,Indonesia,$938.74 
Maudie,Whittles,24,Polygender,Goldenrod,China,$103.50 
Alverta,Gubbin,30,Female,Puce,Panama,$282.17 
Sherlock,Bambury,22,Male,Crimson,Mexico,$628.86 
Rafferty,Thomton,24,Male,Turquoise,Honduras,$756.44 
Arlina,Ivison,26,Female,Khaki,China,$75.77 
Rainer,Belding,25,Genderfluid,Purple,Democratic Republic of the Congo,$397.28 
Derby,Joder,20,Male,Red,Japan,$343.20 
Wainwright,Silby,26,Male,Maroon,Czech Republic,$210.17 
Bear,Rouby,21,Male,Purple,China,$736.65 
Michal,Grimsdike,22,Non-binary,Blue,Indonesia,$931.69 
Jeniffer,Gifford,20,Female,Puce,Costa Rica,$837.99 
Ker,Philpott,23,Male,Yellow,Russia,$321.20 
Herold,Vasey,27,Male,Goldenrod,Brazil,$980.49 
Gussi,Sugars,26,Female,Aquamarine,Portugal,$594.18 
Zena,Nesey,24,Female,Yellow,Philippines,$823.47 
Steffi,Lessmare,22,Female,Mauv,Indonesia,$584.72 
Leroy,Vasilkov,22,Male,Aquamarine,China,$888.31 
Vassily,Hearty,19,Male,Mauv,Croatia,$988.62 
Ingrim,Aylett,30,Male,Pink,Reunion,$862.70 
Elden,Okenden,21,Male,Puce,Dominican Republic,$546.47 
Winnifred,Weatherley,28,Female,Maroon,Latvia,$655.29 
Malynda,Bolin,28,Female,Turquoise,Lithuania,$115.15 
Nap,Jorg,23,Male,Khaki,Germany,$356.09 
Lynnea,McCluney,18,Female,Goldenrod,China,$401.88 
Doug,Farnorth,29,Male,Violet,Portugal,$175.89 
Ashleigh,Bosward,24,Female,Teal,Indonesia,$184.65 
Marijn,Giacopini,29,Male,Mauv,Philippines,$409.06 
Mira,Brookfield,30,Female,Crimson,Philippines,$895.17 
Dale,Buttery,30,Female,Red,France,$518.06 
Jo ann,Freeberne,19,Female,Crimson,Indonesia,$359.82 
Ursuline,Minghi,19,Female,Maroon,Indonesia,$884.12 
Karel,Krysztofowicz,30,Female,Puce,Indonesia,$210.82 
Juliann,Kayne,25,Female,Orange,Russia,$458.17 
Leena,Hazle,24,Female,Yellow,Bolivia,$922.92 
Patrick,Dominique,18,Male,Khaki,Vietnam,$763.98 
Heinrik,Oxbie,20,Male,Pink,Russia,$478.46 
Nicky,Dory,19,Female,Goldenrod,United States,$513.43 
Damiano,McAvinchey,28,Male,Goldenrod,Kenya,$860.21 
Milo,Gallie,27,Male,Aquamarine,China,$839.48 
Fergus,Sausman,19,Male,Khaki,Slovenia,$820.66 
Nataniel,McGrail,23,Male,Fuscia,Indonesia,$445.38 
Ana,Lain,27,Female,Khaki,Georgia,$526.06 
Aridatha,Bussons,19,Female,Mauv,Serbia,$702.57 
Gardener,Nemchinov,26,Male,Red,Thailand,$309.57 
Bendix,Whordley,20,Male,Fuscia,Ethiopia,$28.57 
Francois,Douthwaite,28,Male,Red,Argentina,$170.21 
Annemarie,Wrigley,28,Female,Pink,China,$319.97 
Pamelina,Tomblin,22,Female,Indigo,Slovenia,$491.81 
Ogdan,Francklyn,19,Male,Crimson,China,$880.06 
Roseline,Gorling,28,Female,Aquamarine,China,$246.56 
Alanna,Kieff,23,Non-binary,Blue,Vietnam,$449.79 
Anjanette,Meindl,18,Genderfluid,Pink,Saint Kitts and Nevis,$210.89 
Webster,Venn,19,Male,Khaki,Indonesia,$550.17 
Silvain,Stoves,26,Male,Blue,China,$636.79 
Orelia,Last,26,Female,Blue,Latvia,$826.30 
Laurice,Cominetti,26,Female,Turquoise,Philippines,$433.53 
Nappy,Pescott,28,Male,Aquamarine,China,$696.68 
Laurella,Subhan,23,Female,Yellow,Togo,$149.79 
Chance,Merrydew,27,Male,Aquamarine,Venezuela,$744.75 
Monica,Antonov,30,Female,Pink,Oman,$566.33 
Bud,Beagen,25,Male,Fuscia,Indonesia,$437.14 
Lonna,Thomsen,28,Female,Red,Indonesia,$967.09 
Carroll,Thying,26,Female,Maroon,Martinique,$195.63 
Meir,Whebell,20,Male,Khaki,Indonesia,$42.74 
Callean,Kybird,23,Male,Goldenrod,Turkmenistan,$68.72 
Elvina,Crolla,22,Non-binary,Mauv,Sweden,$901.27 
Harwilll,Godsil,28,Male,Green,China,$282.19 
Lurette,Cullotey,20,Female,Maroon,Peru,$225.93 
Clementia,Boutcher,26,Genderfluid,Violet,Indonesia,$972.28 
Renaldo,Busch,28,Male,Khaki,Poland,$861.15 
Madelaine,Peskin,27,Genderqueer,Red,Brazil,$292.83 
Edith,Capon,22,Female,Orange,China,$997.08 
Corney,Ruppertz,25,Male,Green,China,$382.10 
Pascale,McLeoid,19,Male,Pink,Slovenia,$378.57 
Cchaddie,Poppleton,28,Male,Purple,Canada,$507.08 
Nikolas,Dumbar,25,Male,Turquoise,Nigeria,$272.05 
Ado,Burberry,30,Male,Yellow,China,$366.40 
Maurice,Shucksmith,25,Male,Fuscia,Venezuela,$238.89 
La verne,Predohl,18,Agender,Blue,France,$179.25 
Gerick,Mewrcik,28,Male,Turquoise,New Zealand,$648.96 
Donn,Scorey,21,Male,Teal,Sweden,$92.96 
Leonid,Sommerfeld,26,Male,Teal,China,$290.87 
Kaspar,Cordall,27,Male,Goldenrod,Cyprus,$394.75 
Gussie,Ridhole,27,Female,Violet,China,$630.73 
Egor,Stares,18,Male,Green,Ukraine,$975.27 
Hobard,Korfmann,19,Male,Khaki,Brazil,$155.44 
Toby,Long,28,Female,Goldenrod,Russia,$339.91 
Johnath,MacMenamy,22,Female,Fuscia,Argentina,$394.28 
Tristam,Kubiak,20,Male,Pink,Togo,$136.54 
Ase,Kingsnode,25,Male,Teal,United States,$220.35 
Alastair,Baurerich,20,Male,Orange,Australia,$152.47 
Celestia,Richarz,18,Female,Turquoise,Ireland,$402.41 
Romeo,Bellerby,20,Male,Khaki,Indonesia,$46.98 
Garfield,Tilling,19,Male,Green,Russia,$165.39 
Keary,Penticost,30,Bigender,Teal,Russia,$164.76 
Georgine,Rein,21,Female,Yellow,Indonesia,$830.27 
Aldridge,Ballentime,23,Male,Puce,Poland,$868.28 
Douglass,Lodovichi,19,Bigender,Pink,Argentina,$467.53 
Guntar,Ebbett,30,Male,Teal,Czech Republic,$439.75 
Wyn,Besnardeau,29,Male,Maroon,Russia,$40.53 
Clemmy,Vedenyapin,19,Male,Goldenrod,China,$693.96 
Georgi,Wrigley,20,Male,Teal,Indonesia,$732.93 
Elsie,Meechan,28,Female,Green,Japan,$299.91 
Ryan,Hobell,22,Agender,Khaki,Portugal,$873.29 
Dacia,Richford,25,Female,Yellow,Portugal,$305.00 
Dominik,Mullett,19,Male,Indigo,Sweden,$123.15 
Mady,Dufoure,25,Female,Mauv,Thailand,$313.19 
Gabey,Taunton,29,Female,Aquamarine,Portugal,$436.54 
Jaye,Grandisson,30,Male,Teal,Philippines,$820.30 
Temp,Aveyard,21,Agender,Green,Brazil,$339.65 
Noak,Cristofor,25,Male,Aquamarine,Yemen,$406.31 
Lannie,O'Hoey,21,Male,Yellow,China,$582.93 
Krysta,Orchard,24,Female,Indigo,Portugal,$531.04 
Granville,Reeken,22,Male,Orange,Philippines,$253.04 
Lorrie,Copestick,29,Male,Crimson,France,$358.04 
Cirstoforo,Sach,26,Male,Purple,China,$909.92 
Thane,Ansell,23,Male,Maroon,United States,$178.09 
Morrie,Auty,25,Male,Maroon,Pakistan,$537.81 
Owen,Claxson,30,Male,Pink,Saudi Arabia,$64.97 
Fanya,Bourgaize,24,Female,Mauv,Russia,$498.00 
Conny,Western,19,Female,Maroon,Brazil,$952.93 
Irvine,Lugg,28,Male,Aquamarine,China,$166.67 
Griselda,Rackstraw,24,Female,Green,Colombia,$389.83 
Andi,Trynor,27,Female,Crimson,Greece,$398.42 
Hilario,Holdron,30,Male,Orange,China,$619.23 
Felix,Parmby,19,Male,Goldenrod,Afghanistan,$377.46 
Derby,Slowan,19,Male,Mauv,Sweden,$902.93 
Rafaelia,Hannan,30,Female,Violet,China,$635.00 
Stirling,Marham,26,Male,Turquoise,China,$210.43 
Trudey,Olivelli,21,Female,Fuscia,Brazil,$338.22 
Rodd,Manville,29,Male,Violet,China,$133.92 
Lucila,Hillhouse,30,Female,Yellow,China,$423.05 
Wynnie,Kubala,25,Female,Puce,Poland,$474.42 
Jo,Mollindinia,21,Female,Mauv,Mexico,$102.92 
King,Bateson,27,Male,Khaki,Philippines,$405.98 
Jacintha,Topley,24,Female,Violet,Vietnam,$739.37 
Caitrin,Toombes,28,Female,Purple,Argentina,$961.21 
Katharine,Camps,21,Female,Yellow,Indonesia,$352.52 
Ange,Bentame,19,Male,Orange,Russia,$940.64 
Lidia,Betteney,21,Female,Aquamarine,China,$151.72 
Stefa,Rickerd,20,Genderqueer,Red,Nigeria,$101.35 
Janice,Mattingly,26,Female,Green,Ireland,$555.68 
Hobard,Kohrt,23,Male,Purple,Czech Republic,$915.16 
Latia,Brittles,23,Female,Purple,Russia,$301.73 
Huntlee,Cesco,21,Male,Teal,China,$962.79 
Packston,St. Leger,26,Bigender,Pink,Thailand,$738.46 
Garrett,Okey,26,Male,Puce,China,$677.70 
Jodi,Lindholm,30,Male,Maroon,Colombia,$444.04 
Carter,Reside,20,Bigender,Turquoise,Malaysia,$385.19 
Rubie,Deam,23,Female,Green,Saudi Arabia,$558.31 
Mickey,Cumpton,30,Male,Purple,China,$466.06 
Ragnar,Nowakowski,26,Male,Orange,Indonesia,$93.34 
Sabrina,Bruggen,19,Female,Aquamarine,Hong Kong,$310.08 
Zaneta,Britland,27,Female,Goldenrod,Canada,$3.81 
Conrad,Rosenstengel,19,Male,Khaki,Portugal,$739.29 
Dionysus,Lenaghen,21,Male,Maroon,China,$233.13 
Yul,Sant,21,Male,Violet,Cameroon,$650.19 
Chrissie,Quick,18,Male,Yellow,Vietnam,$189.49 
Clarita,Schoenleiter,28,Female,Goldenrod,Albania,$241.61 
Tobye,Cuberley,21,Female,Aquamarine,Poland,$501.87 
Lynelle,Paffley,25,Female,Yellow,Croatia,$756.01 
Kale,Roloff,25,Male,Green,China,$698.09 
Owen,Larman,20,Male,Green,Guatemala,$498.59 
Asa,Cunnane,24,Male,Crimson,Estonia,$187.71 
Rosabella,Conlaund,24,Female,Indigo,China,$257.09 
Tanhya,Paszak,28,Female,Violet,China,$25.03 
Britteny,Spadoni,24,Female,Fuscia,Indonesia,$899.37 
Lanie,Balducci,22,Female,Blue,China,$627.01 
Joeann,Winton,20,Female,Yellow,Colombia,$464.29 
Tammie,Grgic,29,Male,Yellow,Indonesia,$642.05 
Dorolice,Newberry,27,Female,Violet,Peru,$962.51 
Carin,Nicholes,20,Female,Fuscia,Indonesia,$607.16 
Gigi,Betser,30,Agender,Crimson,Philippines,$111.23 
Sharla,Knivett,23,Bigender,Goldenrod,Kazakhstan,$742.72 
Ruthi,Djurevic,23,Non-binary,Orange,Nigeria,$576.11 
Milo,Drinkel,20,Male,Fuscia,Indonesia,$416.87 
Giselle,Yeoman,25,Female,Puce,Tunisia,$477.16 
Dulce,Speare,22,Female,Violet,China,$387.48 
Garrick,Chessell,25,Male,Indigo,Indonesia,$92.27 
Tedie,Benoiton,28,Male,Purple,Portugal,$424.01 
Aubry,Ciccerale,21,Female,Crimson,Paraguay,$525.59 
Kahaleel,Peetermann,20,Male,Green,Albania,$562.99 
Irwin,Blitzer,25,Male,Mauv,Angola,$179.53 
Giordano,Leisman,22,Male,Red,Mexico,$690.42 
Remus,Ragbourne,21,Male,Blue,China,$422.88 
Chris,Hunton,19,Female,Purple,Croatia,$165.06 
Lorena,Clemence,25,Agender,Violet,Philippines,$183.38 
John,Dimelow,28,Male,Aquamarine,Bulgaria,$30.30 
Clarinda,Barringer,28,Female,Maroon,Philippines,$810.44 
Raff,Hance,23,Male,Red,China,$85.02 
Elvis,Creeber,20,Male,Crimson,Guatemala,$581.69 
Darill,Skepper,18,Male,Blue,Argentina,$987.69 
Jamie,Easun,18,Male,Turquoise,China,$881.26 
Linda,Drummer,19,Female,Mauv,Dominican Republic,$88.30 
Niven,Kraft,30,Male,Turquoise,Greece,$820.27 
Bianca,Malamore,22,Female,Orange,Indonesia,$856.79 
Jeralee,Meth,27,Female,Aquamarine,France,$143.97 
Lloyd,Weddeburn,26,Male,Khaki,Poland,$673.50 
Nikolai,Sattin,19,Male,Violet,Canada,$980.04 
Claudius,Souley,29,Male,Aquamarine,Poland,$803.45 
Eveline,Raffels,30,Female,Orange,Indonesia,$944.83 
Archibold,Presshaugh,25,Non-binary,Fuscia,Portugal,$520.07 
Myer,McCrone,30,Genderqueer,Red,Pakistan,$314.68 
Jennie,Cracoe,23,Female,Teal,United States,$907.59 
Kareem,Akhurst,25,Male,Crimson,Ukraine,$73.72 
Saw,Pirot,26,Male,Blue,China,$221.36 
Jerrie,France,27,Male,Mauv,Kenya,$133.71 
Goldi,Menaul,22,Female,Purple,Czech Republic,$891.04 
Norby,Barnhill,30,Male,Pink,Colombia,$104.23 
Torey,Fredy,30,Female,Crimson,Brazil,$354.14 
Athene,Light,23,Female,Turquoise,Ethiopia,$868.39 
Karlie,Heinrich,22,Female,Blue,Macedonia,$860.37 
Sheelagh,Belsham,24,Female,Khaki,Russia,$735.94 
Iggy,Lenney,20,Male,Pink,Brazil,$413.75 
Rowena,Oakinfold,26,Female,Fuscia,Greece,$420.04 
Carilyn,Meikle,21,Female,Goldenrod,Thailand,$73.05 
Clayton,Denyukin,20,Male,Pink,China,$583.13 
Denys,Ripping,20,Female,Crimson,Uganda,$281.25 
Zeb,Maryon,20,Male,Aquamarine,Japan,$484.50 
Bruno,Stanistreet,20,Male,Orange,Philippines,$581.90 
Torry,O'Codihie,30,Polygender,Khaki,Indonesia,$222.38 
Wadsworth,Iglesias,25,Male,Teal,France,$182.08 
Keenan,Munden,21,Male,Violet,Mexico,$981.43 
Rivi,McGillivrie,20,Female,Green,Argentina,$523.64 
Davidde,Vasiltsov,21,Male,Goldenrod,Philippines,$301.47 
Rodolph,Brame,27,Male,Fuscia,China,$513.40 
Fiann,Trime,22,Bigender,Mauv,Brazil,$418.04 
Claire,Jones,29,Genderqueer,Mauv,Portugal,$33.23 
Debor,Chinery,26,Female,Pink,Brazil,$599.57 
Shelly,Courtman,24,Genderqueer,Puce,China,$331.30 
Hugues,Jakubowicz,25,Male,Red,Denmark,$710.56 
Ceciley,Gadsby,30,Female,Red,Brazil,$819.79 
Robbert,Brosetti,28,Male,Khaki,China,$2.99 
Kakalina,Millgate,24,Female,Green,Iraq,$622.44 
Daven,Itzkovwitch,18,Male,Turquoise,Philippines,$957.79 
Alvie,Collyear,28,Male,Puce,United States,$585.85 
Chiarra,Flowitt,26,Female,Indigo,Indonesia,$650.35 
Giselbert,Shelborne,28,Male,Yellow,Indonesia,$400.79 
Melessa,Winyard,25,Genderfluid,Khaki,France,$119.43 
Prinz,Garioch,28,Male,Crimson,China,$335.52 
Leonerd,Carlone,19,Male,Orange,Russia,$471.44 
Grady,Perrelli,27,Male,Khaki,Ukraine,$743.25 
Amil,Chinge,26,Female,Blue,China,$588.54 
Magda,Wardrop,24,Female,Turquoise,Denmark,$451.17 
Cosme,Bond,22,Non-binary,Aquamarine,Indonesia,$159.24 
Orson,Doxsey,23,Male,Puce,Lithuania,$366.52 
Hamid,Ference,26,Male,Teal,China,$471.49 
Gregor,Mussalli,25,Male,Pink,Indonesia,$167.48 
Jarrad,Mordey,25,Male,Puce,China,$858.71 
Vikky,Hardstaff,29,Female,Turquoise,China,$829.11 
Trista,Metzing,18,Female,Maroon,Philippines,$610.54 
Wakefield,Ead,30,Male,Violet,Portugal,$378.40 
Star,Allaker,22,Female,Yellow,Russia,$989.00 
Elora,Twizell,30,Female,Aquamarine,Tunisia,$555.16 
Casie,Riveles,26,Female,Maroon,China,$427.38 
Alasdair,Edinboro,24,Male,Violet,Sweden,$314.50 
Wolfie,Bonelle,27,Male,Khaki,Indonesia,$866.80 
Jada,Milton,20,Female,Aquamarine,Netherlands,$454.66 
Elnore,Copping,20,Female,Goldenrod,France,$714.32 
Giralda,Dureden,19,Female,Pink,Philippines,$726.47 
Carola,Falkner,28,Non-binary,Teal,Chile,$654.87 
Deb,Soal,30,Female,Purple,Ukraine,$913.31 
Nisse,Blackett,18,Female,Mauv,France,$939.62 
Elyn,Tapsell,28,Female,Mauv,China,$782.55 
Barbie,Manklow,18,Female,Fuscia,Indonesia,$615.25 
Adelaide,Willas,22,Female,Green,Macedonia,$862.62 
Sansone,Mackrell,22,Male,Green,France,$315.10 
Toby,Feckey,22,Male,Goldenrod,China,$8.19 
Duff,Cuttelar,19,Male,Purple,Norway,$215.92 
Ashly,Yendle,18,Female,Yellow,Kazakhstan,$426.49 
Jessalyn,Chisolm,29,Female,Khaki,Argentina,$306.18 
Guenna,Desquesnes,27,Female,Turquoise,Philippines,$52.96 
Willdon,Segrave,29,Male,Turquoise,Ukraine,$270.97 
Denney,Neild,18,Male,Khaki,Tajikistan,$298.29 
Sidney,Perchard,19,Bigender,Aquamarine,Portugal,$995.85 
Ilario,Cartin,19,Male,Pink,China,$527.58 
Kellyann,Korn,21,Female,Indigo,China,$791.53 
Darlene,Bailes,22,Female,Crimson,Portugal,$312.86 
Jo ann,Heeks,21,Female,Violet,Vietnam,$382.25 
Barbabra,Pitfield,26,Female,Green,Sweden,$314.29 
Vinny,Perch,27,Female,Mauv,Bangladesh,$81.38 
Veradis,Dodgshun,22,Female,Green,Russia,$224.53 
Gustav,Quinn,18,Male,Teal,Indonesia,$619.16 
Barron,Brave,25,Male,Green,Indonesia,$776.68 
Daisey,Clail,25,Female,Turquoise,China,$160.81 
Aubert,Seeks,26,Non-binary,Purple,Brazil,$919.86 
Demetris,Rodd,24,Male,Green,Niger,$463.42 
Courtenay,Reedie,27,Female,Yellow,Poland,$883.67 
Frasier,Desorts,19,Male,Maroon,Indonesia,$458.01 
Linnea,Winterton,24,Female,Mauv,Malawi,$709.49 
Elita,Acheson,24,Female,Maroon,Bulgaria,$171.80 
Pavia,Slimming,27,Female,Turquoise,United States,$162.90 
Alexandr,Blundel,20,Male,Maroon,Philippines,$618.94 
Rudiger,Eyres,29,Male,Goldenrod,Zambia,$373.38 
Aksel,Roger,19,Male,Yellow,Indonesia,$647.53 
Gayle,Brouncker,23,Female,Maroon,China,$189.76 
Daron,Gales,29,Genderfluid,Fuscia,China,$153.08 
Yalonda,Soldner,21,Female,Violet,France,$317.85 
Cary,Kee,19,Female,Maroon,Thailand,$48.23 
Dorelle,Glasard,18,Female,Khaki,Syria,$564.04 
Brit,Mollon,28,Male,Blue,Portugal,$679.59 
Anna-maria,Norcop,18,Bigender,Goldenrod,Indonesia,$295.72 
Florry,O'Dooghaine,20,Female,Goldenrod,Indonesia,$761.81 
Leola,Spensly,21,Female,Purple,Poland,$367.72 
Avictor,Blackborn,27,Male,Goldenrod,Indonesia,$163.47 
Aggi,De Moreno,18,Female,Maroon,Philippines,$660.93 
Bobina,Clampe,26,Female,Puce,Colombia,$849.77 
Quinlan,Heims,22,Male,Fuscia,United States,$651.14 
Carlita,Normandale,19,Female,Goldenrod,Philippines,$120.40 
Katlin,Basterfield,28,Female,Yellow,Russia,$199.65 
Delmer,Levett,28,Male,Indigo,Myanmar,$13.99 
Zena,Wraxall,18,Female,Khaki,Croatia,$175.02 
Lyn,MacWhirter,20,Female,Blue,China,$406.53 
Rici,Punchard,21,Female,Goldenrod,China,$493.51 
Antonino,Pedrocco,28,Male,Indigo,China,$482.09 
Ricki,Soppeth,22,Male,Fuscia,United Kingdom,$845.13 
Kessiah,Lambertson,22,Female,Orange,China,$882.48 
Windy,Cardwell,29,Female,Orange,Philippines,$606.37 
Reynard,Inglesent,28,Male,Mauv,Russia,$124.25 
Rem,St. Queintain,24,Male,Purple,Poland,$959.08 
Ricoriki,Kington,29,Male,Aquamarine,Syria,$8.23 
Shelley,Shave,20,Male,Pink,Peru,$511.06 
Sheridan,Dudenie,18,Male,Purple,Uzbekistan,$79.39 
Cy,Bovey,26,Polygender,Pink,China,$753.87 
Samaria,Podd,18,Female,Teal,Colombia,$287.32 
Hyman,Norewood,28,Male,Violet,Sweden,$610.13 
Bill,Antley,20,Male,Mauv,Colombia,$941.82 
Ted,Pearmine,28,Polygender,Red,Greece,$619.55 
Mattheus,Alan,27,Male,Indigo,France,$759.23 
Waring,Coils,28,Male,Red,Indonesia,$156.00 
Briano,Corradengo,25,Male,Orange,Russia,$501.73 